species,chromosome,forward_seq,reverse_seq,target_id,source_db,pcr_type,polymerase,polymerase_encoded,additive_dmso,mg_conc_mm,efficiency,ct_value,specificity,success_idx,success,salt_monovalent_mm,salt_divalent_mm,dntp_conc_mm,uncertainty_interval,f_tm,r_tm,tm_diff,f_hairpin_dg,r_hairpin_dg,f_homodimer_dg,r_homodimer_dg,cross_dimer_dg,f_gc,r_gc,f_len,r_len,f_clamp_gc,r_clamp_gc,f_poly_run,r_poly_run,f_3_dinuc_gc,r_3_dinuc_gc,f_3_dinuc_aa,f_3_dinuc_tt,r_3_dinuc_aa,r_3_dinuc_tt,f_3_stability,r_3_stability,target_mfe,target_gc,target_len,primer_overlap,f_off_targets,r_off_targets,f_var_dist,r_var_dist
sars_cov_2,genome,ATTCAATCCGTAACGGGAAT,TCGGAAGGAAGCAAGCTGCG,locus_0,addgene,qPCR_SYBR,HighFidelity_Phusion,2.0,5.0,1.5,0.9951469419276358,20.161419221321665,Single_Peak,0.99,0.99,50.0,1.5,0.6,0.05,54.81789957573818,63.39027040588263,8.57237083014445,-0.8491504578493696,-0.9132454578462639,-4.389133686767847,-3.4856361446079025,-3.911347373532597,40.0,60.0,20.0,20.0,2.0,4.0,3.0,2.0,0.0,1.0,0.0,0.0,0.0,0.0,1.2,1.2,-5.0,45.0,120.0,0.0,0.0,0.0,20.0,20.0
mouse,genome,GGCCCATGTATGTGACATTA,TCCCCTCGTGGCCTAAAGGA,locus_1,primerbank,Multiplex,HighFidelity_Phusion,2.0,0.0,1.5,0.9815184001476798,30.570477556716096,Single_Peak,0.8509376543015196,0.8509376543015196,50.0,1.5,0.6,0.05,55.18448076769607,62.465010342648384,7.280529574952311,-0.6737076867647411,-0.02006922892468174,-5.1155886024510835,-5.036187060300436,-4.773723686770951,45.0,60.0,20.0,20.0,1.0,2.0,3.0,4.0,0.0,0.0,0.0,0.0,0.0,0.0,1.2,1.2,-5.0,45.0,120.0,0.0,0.0,0.0,20.0,20.0
influenza_a,genome,AGGGTGAGTTAAGGTGCAGAC,TTAAATAACCAAAGCCTGTAG,locus_2,patents,qPCR_TaqMan,HotStart_Taq,1.0,0.0,2.5,0.9214793749573549,24.420130002845756,Single_Peak,0.99,0.99,50.0,2.5,0.6,0.05,59.651963878814456,51.43952182816264,8.212442050651816,0.0,0.0,-3.341753686764743,-1.8648112289277852,-2.418218602454173,52.38095238095239,33.33333333333333,21.0,21.0,3.0,2.0,3.0,3.0,0.0,0.0,0.0,0.0,0.0,0.0,1.2,1.2,-5.0,45.0,120.0,0.0,0.0,0.0,20.0,20.0
influenza_a,genome,CTTTGGGCTTTGACTATGAT,AATACTAGAGTCATAGAGAG,locus_3,pubmed_pmc,qPCR_SYBR,HighFidelity_Phusion,2.0,0.0,2.0,0.9896136327179095,19.41638218679366,Single_Peak,0.99,0.99,50.0,2.0,0.6,0.05,53.23010885836459,47.406328224946776,5.823780633417812,0.0,0.0,-2.1922612289277823,-4.3539886867709425,-4.939211144611007,40.0,35.0,20.0,20.0,1.0,3.0,3.0,2.0,0.0,0.0,0.0,0.0,0.0,0.0,1.2,1.2,-5.0,45.0,120.0,0.0,0.0,0.0,20.0,20.0
human,chr7,AGTTGGATTTGAAGGGATCA,GAATTTCTATCTTTCCAAGA,locus_4,rtprimerdb,qPCR_SYBR,HighFidelity_Phusion,2.0,5.0,1.5,1.0018228467338526,19.802504005881165,Single_Peak,0.99,0.99,50.0,1.5,0.6,0.05,54.19493425448593,47.91676542277588,6.2781688317100475,0.06639477107841958,-0.39094022892157954,-3.5188436867709463,-1.0428516024510828,-3.5360599156863284,40.0,30.0,20.0,20.0,2.0,2.0,3.0,3.0,0.0,0.0,0.0,0.0,0.0,0.0,1.2,1.2,-5.0,45.0,120.0,0.0,0.0,0.0,20.0,20.0
human,chr12,AGCGTCTTGTTACGTTTATC,ATGGTGTTCGAACTCGTATG,locus_5,pubmed_pmc,qPCR_TaqMan,HotStart_Taq,1.0,0.0,1.5,0.9636991548620438,23.205262285103526,Single_Peak,0.99,0.99,50.0,1.5,0.6,0.05,53.81735864705786,55.60427760282488,1.786918955767021,-0.658458957846262,-0.2903792289246849,-4.407173686764745,-8.650208602457278,-2.903608686767846,40.0,45.0,20.0,20.0,1.0,2.0,3.0,2.0,0.0,0.0,0.0,0.0,0.0,0.0,1.2,1.2,-5.0,45.0,120.0,0.0,0.0,0.0,20.0,20.0
sars_cov_2,genome,GTCGAATTATGGCGTTGTAA,GACACTGGCACGTTATCCCT,locus_6,pubmed_pmc,qPCR_TaqMan,Standard_Taq,0.0,0.0,1.5,1.002296940354495,21.179763008178725,Primer_Dimer,0.7687244715766045,0.7687244715766045,50.0,1.5,0.6,0.05,54.14918933596215,59.750601916349126,5.601412580386977,0.0,0.0,-3.156793686764744,-3.0176936867647455,-2.398416144607909,40.0,55.00000000000001,20.0,20.0,1.0,3.0,2.0,3.0,0.0,0.0,1.0,0.0,0.0,0.0,1.2,1.2,-5.0,45.0,120.0,0.0,0.0,0.0,20.0,20.0
influenza_a,genome,CTCCCAATGCAGAACACACT,GGGTAGCCGCTCATCACCGT,locus_7,pubmed_pmc,qPCR_TaqMan,Q5,3.0,0.0,1.5,1.0152801841668777,24.167926859847956,Single_Peak,0.99,0.99,50.0,1.5,0.6,0.05,58.098409160046344,64.42531402017988,6.3269048601335385,0.0,0.0,-3.604173686764745,-4.28863614460791,-3.0141924578493637,50.0,65.0,20.0,20.0,2.0,3.0,3.0,3.0,0.0,0.0,0.0,0.0,0.0,0.0,1.2,1.2,-5.0,45.0,120.0,0.0,0.0,0.0,20.0,20.0
mouse,genome,ATACGTGAGCGGTGCCCCGG,TATCAGAACTGCATCGGAAT,locus_8,rtprimerdb,qPCR_TaqMan,Q5,3.0,0.0,1.5,0.9721779647948341,21.900226218430372,Single_Peak,0.99,0.99,50.0,1.5,0.6,0.05,67.12786202368989,54.2409060603286,12.886955963361288,-1.419265457846268,0.0,-5.954318602457271,-3.1364936867647413,-5.022539915692527,70.0,40.0,20.0,20.0,5.0,2.0,4.0,2.0,1.0,0.0,0.0,0.0,0.0,0.0,1.2,1.2,-5.0,45.0,120.0,0.0,0.0,0.0,20.0,20.0
influenza_a,genome,GTCCGACTCGTTTATCAGGC,CGTAAGCAGTCGTATTAAAT,locus_9,rtprimerdb,Endpoint_PCR,HighFidelity_Phusion,2.0,0.0,2.0,0.9948765595524957,26.030747149167347,Single_Peak,0.99,0.99,50.0,2.0,0.6,0.05,58.44234854198754,51.1759178401154,7.266430701872139,0.0,0.0,-2.9060261446141156,-2.8200812289277857,-4.490394915689423,55.00000000000001,35.0,20.0,20.0,4.0,0.0,3.0,3.0,1.0,0.0,0.0,0.0,0.0,0.0,1.2,1.2,-5.0,45.0,120.0,0.0,0.0,0.0,20.0,20.0
