species,chromosome,forward_seq,reverse_seq,success,salt_monovalent_mm,salt_divalent_mm,dntp_conc_mm,polymerase_encoded,source_db,f_tm,r_tm,tm_diff,f_hairpin_dg,r_hairpin_dg,f_homodimer_dg,r_homodimer_dg,cross_dimer_dg,f_gc,r_gc,f_len,r_len,f_clamp_gc,r_clamp_gc,f_poly_run,r_poly_run,f_3_dinuc_gc,r_3_dinuc_gc,f_3_dinuc_aa,f_3_dinuc_tt,r_3_dinuc_aa,r_3_dinuc_tt,f_3_stability,r_3_stability,target_mfe,target_gc,target_len,primer_overlap,f_off_targets,r_off_targets,f_var_dist,r_var_dist,target_id,pcr_type,polymerase,additive_dmso,mg_conc_mm,efficiency,ct_value,specificity,success_idx,uncertainty_interval
sars_cov_2,genome,GCAACTTTGGGTTGTGCGAT,AAACTAGGCGAGGGGATAAG,0.9690321223372538,50.0,2.0,0.2,1.0,synthetic,60.20123301086785,60.682494345416224,0.48126133454837117,-0.00988417110321845,-0.4174286448814859,-0.07014880670939803,-1.1460309074110588,-0.28557635255882147,45.54469379452181,52.342751414263134,21.0,21.0,1.0,1.0,2.0,1.0,1.0,1.0,0.0,0.0,0.0,0.0,1.192000226713928,1.1120278423892207,-1.1830403615343101,48.01795852493371,128.0,0.0,0.0,0.0,20.0,20.0,unknown,standard_pcr,Standard_Taq,0.0,1.5,0.95,23.0,Single_Peak,0.95,0.05
human,chr11,CCTTGCTCGTGAGTTCCCCT,AAGACGATTCACGGCGAGAG,0.9090862022394777,30.0,2.0,0.6,0.0,synthetic,58.59539368391067,60.17272309642098,1.5773294125103092,-0.7174080644601655,-0.1873851322528359,-0.2207671238020486,-0.7581899992723669,-0.18696752429395294,49.471286149963916,50.44436394301731,21.0,19.0,2.0,1.0,2.0,2.0,0.0,1.0,0.0,0.0,0.0,0.0,1.2118275312289337,1.060792984534022,-0.46154125307365723,59.12748722151698,135.0,0.0,0.0,0.0,20.0,20.0,unknown,standard_pcr,Standard_Taq,0.0,1.5,0.95,23.0,Single_Peak,0.95,0.05
influenza_a,segment_3,AGAATAGTTAATGGCCCTTT,CAGTCCTAAATGGGATATTT,0.01,50.0,2.5,0.4,3.0,synthetic,60.07998449482772,60.43570075914531,0.35571626431759285,-5.9683339179164285,-0.06915976012339811,-0.9121787592135654,-8.550252708261047,-11.589200956233363,51.13408334064851,49.734465707458384,19.0,21.0,2.0,2.0,1.0,1.0,1.0,0.0,0.0,0.0,0.0,0.0,1.176499633429889,1.2958604431008731,-0.3658585207998123,51.74212958969012,125.0,0.0,0.0,0.0,20.0,20.0,unknown,standard_pcr,Standard_Taq,0.0,1.5,0.95,23.0,Single_Peak,0.95,0.05
human,chr14,CGCTGACTTGGGCGCGCCAT,CCACTTATCCCGCCGCTCAT,0.2993974004250642,75.0,2.0,0.2,0.0,synthetic,60.34137155982399,61.518491032784866,1.1771194729608752,-0.002166592680866707,-0.5150835526757456,-0.04298028484671716,-0.40578947029289464,-0.5047905104723471,52.81541179907909,50.37528463227744,20.0,19.0,0.0,0.0,2.0,2.0,1.0,1.0,1.0,0.0,0.0,1.0,1.0932632611174236,0.9660596883408766,-3.492357423219075,53.992536529207555,151.0,0.0,0.0,0.0,1.0,20.0,unknown,standard_pcr,Standard_Taq,0.0,1.5,0.95,23.0,Single_Peak,0.95,0.05
human,chr9,TAACTAATAAAGTCAACGGA,GGAGCTATGACTCGATGTCT,0.38682052411470474,75.0,1.5,0.6,1.0,synthetic,53.08033395913046,64.68375791126012,11.603423952129653,-0.32074278269921813,-0.31944551885923334,-0.6023227078720588,-0.5313770434331918,-0.2798531135130436,50.8511728961107,44.79665124576263,20.0,19.0,1.0,1.0,2.0,1.0,1.0,0.0,0.0,0.0,0.0,0.0,1.1079019037721984,1.2742390445673937,-4.9180913314050745,48.823028638977036,92.0,0.0,0.0,0.0,20.0,20.0,unknown,standard_pcr,Standard_Taq,0.0,1.5,0.95,23.0,Single_Peak,0.95,0.05
sars_cov_2,genome,TGCGGAGAGCGCGCTTGAAG,TGCTCTATCGCGCACATACC,0.024582592525367826,75.0,2.0,0.6,1.0,synthetic,59.799009613287105,61.08985919854701,1.290849585259906,-8.401179879182301,-0.09859280276682438,-0.31958522143581414,-9.789834353478346,-7.259808538299514,48.61927613500119,48.137398246136605,19.0,19.0,1.0,2.0,2.0,2.0,0.0,1.0,0.0,0.0,0.0,0.0,1.5035178956057262,0.8564704352432964,-10.037274149692319,41.50600464968972,109.0,0.0,0.0,0.0,20.0,20.0,unknown,standard_pcr,Standard_Taq,0.0,1.5,0.95,23.0,Single_Peak,0.95,0.05
influenza_a,segment_8,TATAGTCTAAACCGTAAGGG,TCTACCGCGGTTGTCCACTA,0.01,30.0,2.0,0.6,2.0,synthetic,60.055771728595374,60.29190430708098,0.2361325784856092,-6.019009626522132,-0.5390041064109526,-0.5372997794497656,-9.707737843347632,-10.618893985501332,45.99721139961396,50.87922574923914,21.0,21.0,1.0,1.0,1.0,1.0,1.0,0.0,0.0,0.0,0.0,0.0,1.2864400497974522,1.1795236039658603,-2.5519813819890382,41.38870420527953,126.0,0.0,0.0,0.0,20.0,20.0,unknown,standard_pcr,Standard_Taq,0.0,1.5,0.95,23.0,Single_Peak,0.95,0.05
human,chr13,ACTACGGAGCAAAAGCGCTA,AGTATCCTCTCAGGAGGACA,0.9765090733424143,30.0,2.0,0.2,2.0,synthetic,59.93938008472643,60.323142535362315,0.383762450635885,-0.07381928563247814,-0.21641576156579687,-0.4197268942894361,-0.24496863890726917,-0.4184769566025079,52.25222537799153,42.39699142457865,20.0,20.0,2.0,2.0,2.0,1.0,1.0,0.0,0.0,0.0,0.0,0.0,1.0666602025713026,1.144834460419214,-0.2675358688463005,43.454442597070674,145.0,0.0,0.0,0.0,20.0,20.0,unknown,standard_pcr,Standard_Taq,0.0,1.5,0.95,23.0,Single_Peak,0.95,0.05
human,chr16,ATAAAATACGTGTGTAGTGG,GACTGATTTGCCCACTCTTA,0.28383807003994044,30.0,2.0,0.2,2.0,synthetic,58.50938811987402,60.38424556079498,1.8748574409209624,-0.40061387302349566,-0.024294735160332537,-0.9998565063105549,-0.2601903158212001,-0.6626657927786932,47.36474723261804,51.67625936918142,21.0,20.0,0.0,0.0,2.0,1.0,1.0,1.0,1.0,0.0,0.0,1.0,1.443014405051228,1.1528684905375748,-2.264967859190745,49.24751234180876,142.0,0.0,0.0,0.0,2.0,20.0,unknown,standard_pcr,Standard_Taq,0.0,1.5,0.95,23.0,Single_Peak,0.95,0.05
human,chr15,CTGTCAGCCTACTGCAAGCG,AACCAATGAGGTTAGCGCGG,0.01,75.0,1.5,0.2,0.0,synthetic,60.58413913070607,59.41350789351086,1.1706312371952095,-0.7090829424545264,-0.12504069295879006,-0.6317110830367655,-0.2239708598062743,-0.7396802917315524,51.29512895748901,49.41987004418275,19.0,20.0,2.0,2.0,2.0,1.0,1.0,1.0,0.0,0.0,0.0,0.0,1.1280887955888506,1.567163622836217,-19.650327324784296,48.814390000559165,124.0,0.0,5.0,3.0,20.0,20.0,unknown,standard_pcr,Standard_Taq,0.0,1.5,0.95,23.0,Single_Peak,0.95,0.05
human,chr15,,,0.9235901407069441,75.0,2.5,0.2,1.0,,60.51815083048055,61.21842388512642,0.7002730546458693,-0.050887461138703884,-0.050878887574381554,-0.02393550744347227,-0.8044923457919758,-0.45954107681363227,48.25736559792946,48.42449057846556,19.0,19.0,2.0,2.0,2.0,1.0,1.0,0.0,0.0,0.0,0.0,0.0,0.9974337759331152,1.2628494665190548,-1.0365465360072068,45.186624793170374,136.0,0.0,0.0,0.0,20.0,20.0,,,,,,,,,,
human,chr19,,,0.8831508078855175,50.0,2.0,0.4,1.0,,59.57990171909599,61.53021701708737,1.9503152979913736,-0.004006117983374737,-0.8552390636806808,-0.33139273555239945,-0.19472419220338266,-0.0080475429969117,47.75277042966994,47.664853978727315,21.0,19.0,2.0,1.0,1.0,2.0,0.0,0.0,0.0,0.0,0.0,0.0,1.1106517058053706,1.5048483265710413,-0.699360695656851,46.154137127303265,107.0,0.0,0.0,0.0,20.0,20.0,,,,,,,,,,
sars_cov_2,genome,,,0.9050449923328134,30.0,2.5,0.2,2.0,,59.274250735882084,60.95090058114449,1.6766498452624035,-0.2535009306916854,-0.2207126186842643,-1.2994457080961386,-0.744530898977847,-0.6878159244143276,57.022239002309135,53.212955561052105,19.0,19.0,1.0,1.0,1.0,1.0,0.0,1.0,0.0,0.0,0.0,0.0,1.0646155999388083,1.3223352577681735,-0.016612261127806425,50.328491178852154,124.0,0.0,0.0,0.0,20.0,20.0,,,,,,,,,,
sars_cov_2,genome,,,0.9534979292397731,75.0,1.5,0.2,2.0,,60.529827610895246,60.1928977300697,0.33692988082554365,-0.5692131609687036,-0.1790516174713889,-0.040109442154522,-0.1853340467193371,-0.5525787096862051,52.85001618652154,55.17954940572609,20.0,21.0,1.0,1.0,1.0,1.0,1.0,1.0,0.0,0.0,0.0,0.0,1.01324743181759,1.3568416375307877,-0.8874182401028317,47.39786456696087,140.0,0.0,0.0,0.0,20.0,20.0,,,,,,,,,,
human,chr5,,,0.9441850560361653,75.0,1.5,0.4,3.0,,59.5724668370612,58.80395690334853,0.7685099337126715,-0.422624744261575,-0.0779415470752182,-0.03204171142007055,-0.13685612155482282,-0.08790417925003143,52.746206353106224,50.98625332897905,20.0,20.0,1.0,2.0,2.0,1.0,1.0,0.0,0.0,0.0,0.0,0.0,1.148673963461489,1.1264348551734478,-1.6711730782458432,49.1844811082583,159.0,0.0,0.0,0.0,20.0,20.0,,,,,,,,,,
human,chr19,,,0.36214988834146283,50.0,2.0,0.6,3.0,,59.2744102196761,59.34611667590173,0.07170645622563399,-0.05528181289884843,-0.07406348374520906,-0.32667047893267925,-0.20689590756579457,-0.03354675629989471,47.46194895063288,47.532531893659815,21.0,20.0,0.0,0.0,1.0,1.0,1.0,0.0,1.0,0.0,0.0,1.0,1.1871243898398065,1.2689804670089457,-0.10082774737481967,52.948064291745844,91.0,0.0,0.0,0.0,1.0,20.0,,,,,,,,,,
human,chr11,,,0.01,50.0,2.0,0.6,2.0,,58.94249843949325,59.46540264069407,0.5229042012008236,-7.864915409637483,-0.19063370045350195,-1.6398990343971886,-8.940864476963089,-7.649893914057426,48.671592965283075,51.13467984422255,21.0,20.0,2.0,1.0,1.0,2.0,0.0,0.0,0.0,0.0,0.0,0.0,1.3775023228832537,1.321096626169535,-1.2861980759863396,49.71205136395771,90.0,0.0,0.0,0.0,20.0,20.0,,,,,,,,,,
human,chr16,,,0.37289936756863834,50.0,2.0,0.6,1.0,,52.010123167692434,64.321616102835,12.31149293514256,-0.22628382305818381,-0.08306311363137094,-0.039090456189976294,-0.9100492900778092,-1.1533872138242134,45.67987565694861,53.57218176834092,21.0,21.0,2.0,2.0,1.0,2.0,1.0,1.0,0.0,0.0,0.0,0.0,1.0639950556843019,1.2464507394322006,-0.5288826440502346,48.9051530779955,114.0,0.0,0.0,0.0,20.0,20.0,,,,,,,,,,
human,chr9,,,0.013943399514648298,30.0,2.0,0.2,3.0,,58.93594074758817,59.9797698995431,1.043829151954931,-0.13693380177033848,-0.4089732486417694,-0.5105312780314971,-0.14730287068845316,-0.3910331668861251,56.820035474052446,50.44092395137165,20.0,20.0,2.0,2.0,2.0,1.0,1.0,1.0,0.0,0.0,0.0,0.0,0.8127247580030799,1.0305284943774713,-24.983867597695046,51.40048232849543,150.0,0.0,8.0,3.0,20.0,20.0,,,,,,,,,,
human,chr6,,,0.33515045413746825,50.0,2.5,0.2,2.0,,59.900694088894674,60.59227265435819,0.6915785654635158,-1.0202526048366167,-0.9941206428390615,-0.7669548068717676,-0.13951042726886412,-0.2431459660493468,48.660455143798934,52.56919638297042,20.0,19.0,2.0,1.0,2.0,2.0,1.0,0.0,0.0,0.0,0.0,0.0,1.3270225101803959,0.9839598259919029,-1.3325247918309522,44.57903792448076,106.0,0.0,0.0,0.0,1.0,20.0,,,,,,,,,,
