species,chromosome,forward_seq,reverse_seq,target_id,source_db,pcr_type,polymerase,additive_dmso,mg_conc_mm,efficiency,ct_value,specificity,success_idx,success,f_tm,r_tm,tm_diff,f_hairpin_dg,r_hairpin_dg,f_homodimer_dg,r_homodimer_dg,cross_dimer_dg,f_gc,r_gc,f_len,r_len,f_clamp_gc,r_clamp_gc,f_poly_run,r_poly_run,f_3_dinuc_gc,r_3_dinuc_gc,f_3_dinuc_aa,f_3_dinuc_tt,r_3_dinuc_aa,r_3_dinuc_tt,f_3_stability,r_3_stability,target_mfe,target_gc,target_len,primer_overlap,f_off_targets,r_off_targets,f_var_dist,r_var_dist
human,chr19,GGGAACCTGCAGCTGAGCCT,ATAGCATGATCGCGACACAA,locus_0,patents,qPCR_SYBR,HighFidelity_Phusion,3.0,2.0,0.9238758326634833,22.83629900627091,Single_Peak,0.99,0.99,64.64838141006408,57.77646349162603,6.871917918438044,-0.6708192289277849,0.009157271075317112,-8.021736144614115,-7.312326144607905,-3.639947457846261,65.0,45.0,20.0,20.0,3.0,2.0,3.0,2.0,0.0,0.0,0.0,0.0,1.0,0.0,1.2,1.2,-5.0,45.0,120.0,0.0,0.0,0.0,20.0,20.0
influenza_a,genome,ACTGTGAGCGTTGCCGTGGC,ACGCTTGCCGTTCATGGTGA,locus_1,pubmed_pmc,qPCR_TaqMan,Standard_Taq,0.0,2.0,1.0079170003760698,23.21868217115188,Single_Peak,0.9752554832084158,0.9752554832084158,66.26864611694361,63.00511113107473,3.263534985868887,-0.3678830000031048,-0.7816614578431618,-4.780006144614112,-3.2962836867709484,-4.782679915686323,65.0,55.00000000000001,20.0,20.0,4.0,3.0,2.0,2.0,1.0,0.0,0.0,0.0,0.0,0.0,1.2,1.2,-5.0,45.0,120.0,0.0,0.0,0.0,20.0,20.0
human,chr21,CATCCTTATGGAGGTTGCCG,AGTTTAGCCAGTGAGGATAC,locus_2,rtprimerdb,qPCR_SYBR,HighFidelity_Phusion,5.0,1.5,1.0029412755971532,17.833318437226595,Single_Peak,0.99,0.99,58.40225814751233,54.165875918529935,4.236382228982393,-0.6999004578431631,-0.07314268676474603,-3.406023602451067,-3.404173686770948,-4.168330102454172,55.00000000000001,45.0,20.0,20.0,4.0,2.0,2.0,3.0,1.0,0.0,0.0,0.0,0.0,0.0,1.2,1.2,-5.0,45.0,120.0,0.0,0.0,0.0,20.0,20.0
sars_cov_2,genome,GGTTTTATGTTTAGTGCCAA,TCAGTAGTGGGAGCAGTGTT,locus_3,cdc_who,qPCR_SYBR,HighFidelity_Phusion,0.0,2.5,0.9007489862273516,21.63679499192652,Single_Peak,0.979586454320862,0.979586454320862,51.92119342771713,58.282968250938154,6.361774823221026,0.0,0.0,-1.907671228927782,-3.218541144614115,-3.4357536867678427,35.0,50.0,20.0,20.0,3.0,2.0,4.0,3.0,0.0,0.0,1.0,0.0,0.0,1.0,1.2,1.2,-5.0,45.0,120.0,0.0,0.0,0.0,20.0,20.0
sars_cov_2,genome,CGTTTATATTATACTAATAG,GCACAGGGGTATCAGCTATA,locus_4,rtprimerdb,qPCR_SYBR,Q5,0.0,1.5,0.9736116242980061,23.660832103115748,Single_Peak,0.99,0.99,40.60507059797163,56.18309153660505,15.578020938633415,0.0,0.0,-1.408566144614102,-3.039123686764742,-2.257553686767846,20.0,50.0,20.0,20.0,1.0,1.0,3.0,4.0,0.0,0.0,0.0,0.0,0.0,0.0,1.2,1.2,-5.0,45.0,120.0,0.0,0.0,0.0,20.0,20.0
human,chr20,CGGTTGAAGGCACCGTCGTT,CATCATTGATAAGTTCCCGG,locus_5,cdc_who,Endpoint_PCR,HotStart_Taq,0.0,1.5,0.9642563647948359,22.894034698127314,Single_Peak,0.980390683525034,0.980390683525034,63.580483083311606,53.84687604198291,9.733607041328696,-0.42547245784626286,0.0,-3.421318060306643,-3.4024386024510678,-3.436752457849365,60.0,45.0,20.0,20.0,2.0,5.0,2.0,3.0,0.0,1.0,0.0,1.0,0.0,0.0,1.2,1.2,-5.0,45.0,120.0,0.0,0.0,0.0,20.0,20.0
influenza_a,genome,GCGCACGCCTCTAGGGGTGT,GCCGAGTTAACACGACTACA,locus_6,patents,qPCR_SYBR,HotStart_Taq,0.0,2.0,0.9160985399531616,21.594491123858376,Single_Peak,0.99,0.99,67.07363233578025,57.66344550871804,9.410186827062205,-3.583447915689423,0.39257954215373686,-10.008263518143591,-7.711176060300452,-3.041881228927785,70.0,50.0,20.0,20.0,3.0,2.0,4.0,2.0,0.0,0.0,0.0,0.0,0.0,0.0,1.2,1.2,-5.0,45.0,120.0,0.0,0.0,0.0,20.0,20.0
human,chr2,GATCAGTACCGGGGATTCTA,GCAAGATATTAGTTAGAATG,locus_7,primerbank,qPCR_TaqMan,Standard_Taq,0.0,1.5,0.9333056206674997,24.226250668402184,Single_Peak,0.99,0.99,55.523126058495166,46.57233406360598,8.950791994889187,0.0,0.0,-6.078243686770947,-1.6230812289277856,-3.0501011446079063,50.0,30.0,20.0,20.0,1.0,2.0,4.0,2.0,0.0,0.0,0.0,0.0,0.0,0.0,1.2,1.2,-5.0,45.0,120.0,0.0,0.0,0.0,20.0,20.0
sars_cov_2,genome,CGTCTTGAACGACTCCGTTC,TCGGAGCGAGACTGTTACAC,locus_8,primerbank,qPCR_SYBR,HotStart_Taq,3.0,1.5,0.9702423928352771,19.317762643606212,Single_Peak,0.99,0.99,58.94923285500266,59.47959622645584,0.530363371453177,-3.167906686767841,0.0,-5.9475605603004515,-3.2862412289277816,-6.628553873535696,55.00000000000001,55.00000000000001,20.0,20.0,3.0,2.0,2.0,2.0,0.0,0.0,0.0,0.0,0.0,0.0,1.2,1.2,-5.0,45.0,120.0,0.0,0.0,0.0,20.0,20.0
influenza_a,genome,ACACTTGTAATATGAAGCTC,TGCGCATCGCGAGAGTTCGC,locus_9,primerbank,qPCR_SYBR,Q5,0.0,1.5,0.918827489598965,23.416333733241846,Single_Peak,0.99,0.99,50.56514449428829,66.37325026539537,15.80810577110708,0.0,-2.301225457846267,-3.156793686764744,-6.750184518143607,-2.349518415689432,35.0,65.0,20.0,20.0,3.0,3.0,2.0,2.0,0.0,1.0,0.0,0.0,0.0,0.0,1.2,1.2,-5.0,45.0,120.0,0.0,0.0,0.0,20.0,20.0
